ip,type,source,timestamp
"""dst_ip""","""dst_port""",abuse.ch,2026-05-16 17:26:11
"""162.243.103.246""","""8080""",abuse.ch,2026-05-16 17:26:11
"""50.16.16.211""","""443""",abuse.ch,2026-05-16 17:26:11
"""34.204.119.63""","""443""",abuse.ch,2026-05-16 17:26:11
"""178.62.3.223""","""443""",abuse.ch,2026-05-16 17:26:11
"""27.133.154.218""","""443""",abuse.ch,2026-05-16 17:26:11
101.96.230.94,compromised,emerging_threats,2026-05-16 17:26:12
102.210.82.20,compromised,emerging_threats,2026-05-16 17:26:12
103.210.22.17,compromised,emerging_threats,2026-05-16 17:26:12
104.155.110.106,compromised,emerging_threats,2026-05-16 17:26:12
104.155.27.113,compromised,emerging_threats,2026-05-16 17:26:12
104.155.78.140,compromised,emerging_threats,2026-05-16 17:26:12
104.199.19.60,compromised,emerging_threats,2026-05-16 17:26:12
104.199.5.111,compromised,emerging_threats,2026-05-16 17:26:12
104.199.85.216,compromised,emerging_threats,2026-05-16 17:26:12
104.248.60.91,compromised,emerging_threats,2026-05-16 17:26:12
104.252.175.235,compromised,emerging_threats,2026-05-16 17:26:12
104.36.21.137,compromised,emerging_threats,2026-05-16 17:26:12
106.13.209.152,compromised,emerging_threats,2026-05-16 17:26:12
107.174.1.138,compromised,emerging_threats,2026-05-16 17:26:12
107.189.24.162,compromised,emerging_threats,2026-05-16 17:26:12
110.43.37.72,compromised,emerging_threats,2026-05-16 17:26:12
111.170.34.11,compromised,emerging_threats,2026-05-16 17:26:12
112.203.68.87,compromised,emerging_threats,2026-05-16 17:26:12
115.191.27.83,compromised,emerging_threats,2026-05-16 17:26:12
116.110.144.105,compromised,emerging_threats,2026-05-16 17:26:12
116.110.145.122,compromised,emerging_threats,2026-05-16 17:26:12
116.110.145.99,compromised,emerging_threats,2026-05-16 17:26:12
116.110.147.23,compromised,emerging_threats,2026-05-16 17:26:12
116.110.152.206,compromised,emerging_threats,2026-05-16 17:26:12
116.110.157.92,compromised,emerging_threats,2026-05-16 17:26:12
116.110.158.50,compromised,emerging_threats,2026-05-16 17:26:12
116.110.159.204,compromised,emerging_threats,2026-05-16 17:26:12
116.110.19.247,compromised,emerging_threats,2026-05-16 17:26:12
116.110.208.21,compromised,emerging_threats,2026-05-16 17:26:12
116.110.210.253,compromised,emerging_threats,2026-05-16 17:26:12
116.110.211.187,compromised,emerging_threats,2026-05-16 17:26:12
116.110.212.102,compromised,emerging_threats,2026-05-16 17:26:12
116.110.217.125,compromised,emerging_threats,2026-05-16 17:26:12
116.110.219.1,compromised,emerging_threats,2026-05-16 17:26:12
116.110.223.85,compromised,emerging_threats,2026-05-16 17:26:12
116.110.2.39,compromised,emerging_threats,2026-05-16 17:26:12
116.110.4.188,compromised,emerging_threats,2026-05-16 17:26:12
116.110.4.244,compromised,emerging_threats,2026-05-16 17:26:12
116.255.155.36,compromised,emerging_threats,2026-05-16 17:26:12
116.99.168.218,compromised,emerging_threats,2026-05-16 17:26:12
116.99.170.93,compromised,emerging_threats,2026-05-16 17:26:12
116.99.171.134,compromised,emerging_threats,2026-05-16 17:26:12
116.99.171.245,compromised,emerging_threats,2026-05-16 17:26:12
116.99.172.175,compromised,emerging_threats,2026-05-16 17:26:12
116.99.172.29,compromised,emerging_threats,2026-05-16 17:26:12
116.99.173.71,compromised,emerging_threats,2026-05-16 17:26:12
116.99.174.114,compromised,emerging_threats,2026-05-16 17:26:12
116.99.174.167,compromised,emerging_threats,2026-05-16 17:26:12
116.99.174.238,compromised,emerging_threats,2026-05-16 17:26:12
117.36.231.242,compromised,emerging_threats,2026-05-16 17:26:12
118.145.243.156,compromised,emerging_threats,2026-05-16 17:26:12
118.196.2.158,compromised,emerging_threats,2026-05-16 17:26:12
120.92.10.155,compromised,emerging_threats,2026-05-16 17:26:12
121.125.67.137,compromised,emerging_threats,2026-05-16 17:26:12
121.165.84.80,compromised,emerging_threats,2026-05-16 17:26:12
124.123.125.62,compromised,emerging_threats,2026-05-16 17:26:12
125.20.210.182,compromised,emerging_threats,2026-05-16 17:26:12
129.153.121.56,compromised,emerging_threats,2026-05-16 17:26:12
129.159.149.21,compromised,emerging_threats,2026-05-16 17:26:12
130.12.180.27,compromised,emerging_threats,2026-05-16 17:26:12
130.211.54.242,compromised,emerging_threats,2026-05-16 17:26:12
130.211.57.13,compromised,emerging_threats,2026-05-16 17:26:12
131.161.204.66,compromised,emerging_threats,2026-05-16 17:26:12
131.186.50.157,compromised,emerging_threats,2026-05-16 17:26:12
134.122.110.16,compromised,emerging_threats,2026-05-16 17:26:12
134.209.239.4,compromised,emerging_threats,2026-05-16 17:26:12
138.2.102.66,compromised,emerging_threats,2026-05-16 17:26:12
138.68.40.82,compromised,emerging_threats,2026-05-16 17:26:12
139.59.66.69,compromised,emerging_threats,2026-05-16 17:26:12
14.103.78.102,compromised,emerging_threats,2026-05-16 17:26:12
143.198.65.165,compromised,emerging_threats,2026-05-16 17:26:12
144.126.239.128,compromised,emerging_threats,2026-05-16 17:26:12
144.2.91.96,compromised,emerging_threats,2026-05-16 17:26:12
144.31.220.38,compromised,emerging_threats,2026-05-16 17:26:12
144.48.8.86,compromised,emerging_threats,2026-05-16 17:26:12
147.189.161.77,compromised,emerging_threats,2026-05-16 17:26:12
148.135.94.99,compromised,emerging_threats,2026-05-16 17:26:12
150.109.254.65,compromised,emerging_threats,2026-05-16 17:26:12
151.115.164.231,compromised,emerging_threats,2026-05-16 17:26:12
152.32.162.42,compromised,emerging_threats,2026-05-16 17:26:12
152.53.195.231,compromised,emerging_threats,2026-05-16 17:26:12
154.210.208.250,compromised,emerging_threats,2026-05-16 17:26:12
156.227.232.239,compromised,emerging_threats,2026-05-16 17:26:12
158.173.67.12,compromised,emerging_threats,2026-05-16 17:26:12
159.203.120.106,compromised,emerging_threats,2026-05-16 17:26:12
159.223.196.179,compromised,emerging_threats,2026-05-16 17:26:12
159.89.2.106,compromised,emerging_threats,2026-05-16 17:26:12
160.119.249.227,compromised,emerging_threats,2026-05-16 17:26:12
160.191.89.7,compromised,emerging_threats,2026-05-16 17:26:12
161.132.38.88,compromised,emerging_threats,2026-05-16 17:26:12
161.35.98.97,compromised,emerging_threats,2026-05-16 17:26:12
161.97.66.49,compromised,emerging_threats,2026-05-16 17:26:12
162.243.102.84,compromised,emerging_threats,2026-05-16 17:26:12
164.164.197.148,compromised,emerging_threats,2026-05-16 17:26:12
164.90.175.206,compromised,emerging_threats,2026-05-16 17:26:12
165.154.224.129,compromised,emerging_threats,2026-05-16 17:26:12
165.154.52.159,compromised,emerging_threats,2026-05-16 17:26:12
165.232.191.119,compromised,emerging_threats,2026-05-16 17:26:12
165.245.180.161,compromised,emerging_threats,2026-05-16 17:26:12
167.172.64.25,compromised,emerging_threats,2026-05-16 17:26:12
167.99.84.148,compromised,emerging_threats,2026-05-16 17:26:12
168.144.79.32,compromised,emerging_threats,2026-05-16 17:26:12
168.144.88.210,compromised,emerging_threats,2026-05-16 17:26:12
171.231.176.146,compromised,emerging_threats,2026-05-16 17:26:12
171.231.178.49,compromised,emerging_threats,2026-05-16 17:26:12
171.231.180.149,compromised,emerging_threats,2026-05-16 17:26:12
171.231.182.74,compromised,emerging_threats,2026-05-16 17:26:12
171.231.186.56,compromised,emerging_threats,2026-05-16 17:26:12
171.231.191.213,compromised,emerging_threats,2026-05-16 17:26:12
171.231.192.199,compromised,emerging_threats,2026-05-16 17:26:12
171.231.194.32,compromised,emerging_threats,2026-05-16 17:26:12
171.231.197.49,compromised,emerging_threats,2026-05-16 17:26:12
171.231.197.57,compromised,emerging_threats,2026-05-16 17:26:12
171.231.198.171,compromised,emerging_threats,2026-05-16 17:26:12
171.231.199.119,compromised,emerging_threats,2026-05-16 17:26:12
171.231.199.134,compromised,emerging_threats,2026-05-16 17:26:12
171.231.199.189,compromised,emerging_threats,2026-05-16 17:26:12
171.243.148.18,compromised,emerging_threats,2026-05-16 17:26:12
171.243.149.139,compromised,emerging_threats,2026-05-16 17:26:12
171.243.149.96,compromised,emerging_threats,2026-05-16 17:26:12
171.243.150.164,compromised,emerging_threats,2026-05-16 17:26:12
171.243.150.172,compromised,emerging_threats,2026-05-16 17:26:12
171.243.150.236,compromised,emerging_threats,2026-05-16 17:26:12
171.243.151.49,compromised,emerging_threats,2026-05-16 17:26:12
178.104.220.57,compromised,emerging_threats,2026-05-16 17:26:12
178.128.121.17,compromised,emerging_threats,2026-05-16 17:26:12
178.175.167.17,compromised,emerging_threats,2026-05-16 17:26:12
178.20.210.186,compromised,emerging_threats,2026-05-16 17:26:12
178.62.100.247,compromised,emerging_threats,2026-05-16 17:26:12
180.165.29.129,compromised,emerging_threats,2026-05-16 17:26:12
180.76.175.142,compromised,emerging_threats,2026-05-16 17:26:12
181.104.43.225,compromised,emerging_threats,2026-05-16 17:26:12
18.144.86.189,compromised,emerging_threats,2026-05-16 17:26:12
183.98.76.106,compromised,emerging_threats,2026-05-16 17:26:12
185.100.212.141,compromised,emerging_threats,2026-05-16 17:26:12
185.156.42.141,compromised,emerging_threats,2026-05-16 17:26:12
185.156.42.211,compromised,emerging_threats,2026-05-16 17:26:12
185.156.43.181,compromised,emerging_threats,2026-05-16 17:26:12
185.178.47.173,compromised,emerging_threats,2026-05-16 17:26:12
185.187.169.10,compromised,emerging_threats,2026-05-16 17:26:12
185.242.3.211,compromised,emerging_threats,2026-05-16 17:26:12
185.67.3.40,compromised,emerging_threats,2026-05-16 17:26:12
189.219.16.249,compromised,emerging_threats,2026-05-16 17:26:12
190.123.65.197,compromised,emerging_threats,2026-05-16 17:26:12
190.2.135.111,compromised,emerging_threats,2026-05-16 17:26:12
193.142.146.230,compromised,emerging_threats,2026-05-16 17:26:12
193.169.241.19,compromised,emerging_threats,2026-05-16 17:26:12
193.233.127.72,compromised,emerging_threats,2026-05-16 17:26:12
193.32.162.82,compromised,emerging_threats,2026-05-16 17:26:12
194.28.87.177,compromised,emerging_threats,2026-05-16 17:26:12
202.165.15.88,compromised,emerging_threats,2026-05-16 17:26:12
202.69.169.162,compromised,emerging_threats,2026-05-16 17:26:12
203.171.18.62,compromised,emerging_threats,2026-05-16 17:26:12
205.254.166.227,compromised,emerging_threats,2026-05-16 17:26:12
207.154.214.103,compromised,emerging_threats,2026-05-16 17:26:12
209.97.136.129,compromised,emerging_threats,2026-05-16 17:26:12
210.116.111.28,compromised,emerging_threats,2026-05-16 17:26:12
210.16.103.246,compromised,emerging_threats,2026-05-16 17:26:12
211.37.174.180,compromised,emerging_threats,2026-05-16 17:26:12
212.227.13.69,compromised,emerging_threats,2026-05-16 17:26:12
212.227.146.182,compromised,emerging_threats,2026-05-16 17:26:12
213.209.159.56,compromised,emerging_threats,2026-05-16 17:26:12
217.154.10.47,compromised,emerging_threats,2026-05-16 17:26:12
217.154.92.76,compromised,emerging_threats,2026-05-16 17:26:12
217.160.162.192,compromised,emerging_threats,2026-05-16 17:26:12
217.160.172.90,compromised,emerging_threats,2026-05-16 17:26:12
218.250.28.248,compromised,emerging_threats,2026-05-16 17:26:12
221.120.34.164,compromised,emerging_threats,2026-05-16 17:26:12
222.108.39.109,compromised,emerging_threats,2026-05-16 17:26:12
2.26.0.198,compromised,emerging_threats,2026-05-16 17:26:12
2.27.42.94,compromised,emerging_threats,2026-05-16 17:26:12
23.175.145.234,compromised,emerging_threats,2026-05-16 17:26:12
27.79.0.43,compromised,emerging_threats,2026-05-16 17:26:12
27.79.1.152,compromised,emerging_threats,2026-05-16 17:26:12
27.79.1.69,compromised,emerging_threats,2026-05-16 17:26:12
27.79.2.106,compromised,emerging_threats,2026-05-16 17:26:12
27.79.2.88,compromised,emerging_threats,2026-05-16 17:26:12
27.79.3.14,compromised,emerging_threats,2026-05-16 17:26:12
27.79.40.209,compromised,emerging_threats,2026-05-16 17:26:12
27.79.40.53,compromised,emerging_threats,2026-05-16 17:26:12
27.79.40.99,compromised,emerging_threats,2026-05-16 17:26:12
27.79.41.136,compromised,emerging_threats,2026-05-16 17:26:12
27.79.41.138,compromised,emerging_threats,2026-05-16 17:26:12
27.79.41.73,compromised,emerging_threats,2026-05-16 17:26:12
27.79.42.177,compromised,emerging_threats,2026-05-16 17:26:12
27.79.4.30,compromised,emerging_threats,2026-05-16 17:26:12
27.79.43.128,compromised,emerging_threats,2026-05-16 17:26:12
27.79.43.239,compromised,emerging_threats,2026-05-16 17:26:12
27.79.44.185,compromised,emerging_threats,2026-05-16 17:26:12
27.79.45.122,compromised,emerging_threats,2026-05-16 17:26:12
27.79.45.186,compromised,emerging_threats,2026-05-16 17:26:12
27.79.45.243,compromised,emerging_threats,2026-05-16 17:26:12
27.79.46.17,compromised,emerging_threats,2026-05-16 17:26:12
27.79.46.194,compromised,emerging_threats,2026-05-16 17:26:12
27.79.46.216,compromised,emerging_threats,2026-05-16 17:26:12
27.79.47.210,compromised,emerging_threats,2026-05-16 17:26:12
27.79.47.52,compromised,emerging_threats,2026-05-16 17:26:12
27.79.5.212,compromised,emerging_threats,2026-05-16 17:26:12
27.79.5.46,compromised,emerging_threats,2026-05-16 17:26:12
27.79.6.37,compromised,emerging_threats,2026-05-16 17:26:12
27.79.6.50,compromised,emerging_threats,2026-05-16 17:26:12
27.79.7.163,compromised,emerging_threats,2026-05-16 17:26:12
27.79.7.22,compromised,emerging_threats,2026-05-16 17:26:12
31.57.129.10,compromised,emerging_threats,2026-05-16 17:26:12
34.118.255.39,compromised,emerging_threats,2026-05-16 17:26:12
34.140.156.133,compromised,emerging_threats,2026-05-16 17:26:12
34.140.239.78,compromised,emerging_threats,2026-05-16 17:26:12
34.140.57.124,compromised,emerging_threats,2026-05-16 17:26:12
34.140.6.40,compromised,emerging_threats,2026-05-16 17:26:12
34.140.77.166,compromised,emerging_threats,2026-05-16 17:26:12
34.140.84.143,compromised,emerging_threats,2026-05-16 17:26:12
34.14.124.6,compromised,emerging_threats,2026-05-16 17:26:12
34.14.127.78,compromised,emerging_threats,2026-05-16 17:26:12
34.14.26.70,compromised,emerging_threats,2026-05-16 17:26:12
34.14.94.132,compromised,emerging_threats,2026-05-16 17:26:12
34.173.87.191,compromised,emerging_threats,2026-05-16 17:26:12
34.22.170.134,compromised,emerging_threats,2026-05-16 17:26:12
34.22.170.190,compromised,emerging_threats,2026-05-16 17:26:12
34.22.181.240,compromised,emerging_threats,2026-05-16 17:26:12
34.22.191.207,compromised,emerging_threats,2026-05-16 17:26:12
34.22.206.213,compromised,emerging_threats,2026-05-16 17:26:12
34.22.216.80,compromised,emerging_threats,2026-05-16 17:26:12
34.22.219.80,compromised,emerging_threats,2026-05-16 17:26:12
34.22.231.214,compromised,emerging_threats,2026-05-16 17:26:12
34.22.249.41,compromised,emerging_threats,2026-05-16 17:26:12
34.34.133.200,compromised,emerging_threats,2026-05-16 17:26:12
34.34.143.81,compromised,emerging_threats,2026-05-16 17:26:12
34.34.151.129,compromised,emerging_threats,2026-05-16 17:26:12
34.34.160.10,compromised,emerging_threats,2026-05-16 17:26:12
34.34.163.200,compromised,emerging_threats,2026-05-16 17:26:12
34.34.172.120,compromised,emerging_threats,2026-05-16 17:26:12
34.38.131.179,compromised,emerging_threats,2026-05-16 17:26:12
34.38.135.188,compromised,emerging_threats,2026-05-16 17:26:12
34.38.13.53,compromised,emerging_threats,2026-05-16 17:26:12
34.38.142.34,compromised,emerging_threats,2026-05-16 17:26:12
34.38.185.18,compromised,emerging_threats,2026-05-16 17:26:12
34.38.220.109,compromised,emerging_threats,2026-05-16 17:26:12
34.38.22.65,compromised,emerging_threats,2026-05-16 17:26:12
34.38.29.170,compromised,emerging_threats,2026-05-16 17:26:12
34.38.33.18,compromised,emerging_threats,2026-05-16 17:26:12
34.38.38.155,compromised,emerging_threats,2026-05-16 17:26:12
34.38.5.115,compromised,emerging_threats,2026-05-16 17:26:12
34.38.6.243,compromised,emerging_threats,2026-05-16 17:26:12
34.38.64.123,compromised,emerging_threats,2026-05-16 17:26:12
34.52.128.71,compromised,emerging_threats,2026-05-16 17:26:12
34.52.170.246,compromised,emerging_threats,2026-05-16 17:26:12
34.52.188.21,compromised,emerging_threats,2026-05-16 17:26:12
34.52.204.179,compromised,emerging_threats,2026-05-16 17:26:12
34.52.208.122,compromised,emerging_threats,2026-05-16 17:26:12
34.52.221.98,compromised,emerging_threats,2026-05-16 17:26:12
34.53.138.146,compromised,emerging_threats,2026-05-16 17:26:12
34.53.140.122,compromised,emerging_threats,2026-05-16 17:26:12
34.53.141.182,compromised,emerging_threats,2026-05-16 17:26:12
34.53.155.90,compromised,emerging_threats,2026-05-16 17:26:12
34.53.183.148,compromised,emerging_threats,2026-05-16 17:26:12
34.53.189.10,compromised,emerging_threats,2026-05-16 17:26:12
34.53.203.236,compromised,emerging_threats,2026-05-16 17:26:12
34.53.229.179,compromised,emerging_threats,2026-05-16 17:26:12
34.53.230.152,compromised,emerging_threats,2026-05-16 17:26:12
34.53.250.34,compromised,emerging_threats,2026-05-16 17:26:12
34.62.117.51,compromised,emerging_threats,2026-05-16 17:26:12
34.62.125.18,compromised,emerging_threats,2026-05-16 17:26:12
34.62.130.149,compromised,emerging_threats,2026-05-16 17:26:12
34.62.141.86,compromised,emerging_threats,2026-05-16 17:26:12
34.62.148.105,compromised,emerging_threats,2026-05-16 17:26:12
34.62.180.175,compromised,emerging_threats,2026-05-16 17:26:12
34.62.184.76,compromised,emerging_threats,2026-05-16 17:26:12
34.62.196.33,compromised,emerging_threats,2026-05-16 17:26:12
34.62.199.99,compromised,emerging_threats,2026-05-16 17:26:12
34.62.215.103,compromised,emerging_threats,2026-05-16 17:26:12
34.62.215.139,compromised,emerging_threats,2026-05-16 17:26:12
34.62.224.182,compromised,emerging_threats,2026-05-16 17:26:12
34.62.231.139,compromised,emerging_threats,2026-05-16 17:26:12
34.62.232.201,compromised,emerging_threats,2026-05-16 17:26:12
34.62.2.5,compromised,emerging_threats,2026-05-16 17:26:12
34.62.34.27,compromised,emerging_threats,2026-05-16 17:26:12
34.62.44.251,compromised,emerging_threats,2026-05-16 17:26:12
34.62.68.19,compromised,emerging_threats,2026-05-16 17:26:12
34.76.119.193,compromised,emerging_threats,2026-05-16 17:26:12
34.76.165.250,compromised,emerging_threats,2026-05-16 17:26:12
34.76.17.53,compromised,emerging_threats,2026-05-16 17:26:12
34.76.200.186,compromised,emerging_threats,2026-05-16 17:26:12
34.76.9.196,compromised,emerging_threats,2026-05-16 17:26:12
34.77.146.42,compromised,emerging_threats,2026-05-16 17:26:12
34.77.183.8,compromised,emerging_threats,2026-05-16 17:26:12
34.77.185.43,compromised,emerging_threats,2026-05-16 17:26:12
34.77.195.52,compromised,emerging_threats,2026-05-16 17:26:12
34.77.201.55,compromised,emerging_threats,2026-05-16 17:26:12
34.77.211.171,compromised,emerging_threats,2026-05-16 17:26:12
34.77.231.198,compromised,emerging_threats,2026-05-16 17:26:12
34.77.245.99,compromised,emerging_threats,2026-05-16 17:26:12
34.77.84.204,compromised,emerging_threats,2026-05-16 17:26:12
34.77.91.114,compromised,emerging_threats,2026-05-16 17:26:12
34.78.111.164,compromised,emerging_threats,2026-05-16 17:26:12
34.78.129.216,compromised,emerging_threats,2026-05-16 17:26:12
34.78.132.179,compromised,emerging_threats,2026-05-16 17:26:12
34.78.151.236,compromised,emerging_threats,2026-05-16 17:26:12
34.78.154.150,compromised,emerging_threats,2026-05-16 17:26:12
34.78.155.230,compromised,emerging_threats,2026-05-16 17:26:12
34.78.157.177,compromised,emerging_threats,2026-05-16 17:26:12
34.78.158.49,compromised,emerging_threats,2026-05-16 17:26:12
34.78.182.9,compromised,emerging_threats,2026-05-16 17:26:12
34.78.18.7,compromised,emerging_threats,2026-05-16 17:26:12
34.78.196.247,compromised,emerging_threats,2026-05-16 17:26:12
34.78.213.15,compromised,emerging_threats,2026-05-16 17:26:12
34.78.21.97,compromised,emerging_threats,2026-05-16 17:26:12
34.78.31.127,compromised,emerging_threats,2026-05-16 17:26:12
34.78.6.235,compromised,emerging_threats,2026-05-16 17:26:12
34.78.69.136,compromised,emerging_threats,2026-05-16 17:26:12
34.78.75.90,compromised,emerging_threats,2026-05-16 17:26:12
34.78.9.129,compromised,emerging_threats,2026-05-16 17:26:12
34.79.163.128,compromised,emerging_threats,2026-05-16 17:26:12
34.79.175.147,compromised,emerging_threats,2026-05-16 17:26:12
34.79.191.233,compromised,emerging_threats,2026-05-16 17:26:12
34.79.215.100,compromised,emerging_threats,2026-05-16 17:26:12
34.79.224.24,compromised,emerging_threats,2026-05-16 17:26:12
34.79.238.246,compromised,emerging_threats,2026-05-16 17:26:12
34.79.6.105,compromised,emerging_threats,2026-05-16 17:26:12
34.79.62.169,compromised,emerging_threats,2026-05-16 17:26:12
34.79.72.179,compromised,emerging_threats,2026-05-16 17:26:12
35.187.35.41,compromised,emerging_threats,2026-05-16 17:26:12
35.187.64.30,compromised,emerging_threats,2026-05-16 17:26:12
35.189.195.1,compromised,emerging_threats,2026-05-16 17:26:12
35.190.196.156,compromised,emerging_threats,2026-05-16 17:26:12
35.194.141.75,compromised,emerging_threats,2026-05-16 17:26:12
35.195.125.240,compromised,emerging_threats,2026-05-16 17:26:12
35.195.143.58,compromised,emerging_threats,2026-05-16 17:26:12
35.195.148.6,compromised,emerging_threats,2026-05-16 17:26:12
35.195.162.79,compromised,emerging_threats,2026-05-16 17:26:12
35.195.165.181,compromised,emerging_threats,2026-05-16 17:26:12
35.195.18.109,compromised,emerging_threats,2026-05-16 17:26:12
35.195.222.221,compromised,emerging_threats,2026-05-16 17:26:12
35.195.23.219,compromised,emerging_threats,2026-05-16 17:26:12
35.195.251.224,compromised,emerging_threats,2026-05-16 17:26:12
35.195.37.202,compromised,emerging_threats,2026-05-16 17:26:12
35.195.38.235,compromised,emerging_threats,2026-05-16 17:26:12
35.195.40.98,compromised,emerging_threats,2026-05-16 17:26:12
35.195.68.186,compromised,emerging_threats,2026-05-16 17:26:12
35.195.69.175,compromised,emerging_threats,2026-05-16 17:26:12
35.195.71.153,compromised,emerging_threats,2026-05-16 17:26:12
35.195.85.179,compromised,emerging_threats,2026-05-16 17:26:12
35.195.87.98,compromised,emerging_threats,2026-05-16 17:26:12
35.195.90.213,compromised,emerging_threats,2026-05-16 17:26:12
35.205.107.141,compromised,emerging_threats,2026-05-16 17:26:12
35.205.145.95,compromised,emerging_threats,2026-05-16 17:26:12
35.205.157.203,compromised,emerging_threats,2026-05-16 17:26:12
35.205.178.61,compromised,emerging_threats,2026-05-16 17:26:12
35.205.185.0,compromised,emerging_threats,2026-05-16 17:26:12
35.205.205.195,compromised,emerging_threats,2026-05-16 17:26:12
35.205.214.148,compromised,emerging_threats,2026-05-16 17:26:12
35.205.232.103,compromised,emerging_threats,2026-05-16 17:26:12
35.205.236.118,compromised,emerging_threats,2026-05-16 17:26:12
35.205.244.229,compromised,emerging_threats,2026-05-16 17:26:12
35.205.251.123,compromised,emerging_threats,2026-05-16 17:26:12
35.205.36.247,compromised,emerging_threats,2026-05-16 17:26:12
35.205.78.141,compromised,emerging_threats,2026-05-16 17:26:12
35.205.96.69,compromised,emerging_threats,2026-05-16 17:26:12
35.205.98.220,compromised,emerging_threats,2026-05-16 17:26:12
35.233.113.241,compromised,emerging_threats,2026-05-16 17:26:12
35.233.122.202,compromised,emerging_threats,2026-05-16 17:26:12
35.233.15.213,compromised,emerging_threats,2026-05-16 17:26:12
35.233.20.248,compromised,emerging_threats,2026-05-16 17:26:12
35.233.28.146,compromised,emerging_threats,2026-05-16 17:26:12
35.233.8.58,compromised,emerging_threats,2026-05-16 17:26:12
35.240.0.184,compromised,emerging_threats,2026-05-16 17:26:12
35.240.47.53,compromised,emerging_threats,2026-05-16 17:26:12
35.240.56.214,compromised,emerging_threats,2026-05-16 17:26:12
35.240.7.56,compromised,emerging_threats,2026-05-16 17:26:12
35.240.80.222,compromised,emerging_threats,2026-05-16 17:26:12
35.240.92.250,compromised,emerging_threats,2026-05-16 17:26:12
35.241.141.196,compromised,emerging_threats,2026-05-16 17:26:12
35.241.154.33,compromised,emerging_threats,2026-05-16 17:26:12
35.241.164.4,compromised,emerging_threats,2026-05-16 17:26:12
35.241.185.64,compromised,emerging_threats,2026-05-16 17:26:12
35.241.250.0,compromised,emerging_threats,2026-05-16 17:26:12
35.89.149.93,compromised,emerging_threats,2026-05-16 17:26:12
35.91.89.48,compromised,emerging_threats,2026-05-16 17:26:12
35.92.64.216,compromised,emerging_threats,2026-05-16 17:26:12
36.253.9.69,compromised,emerging_threats,2026-05-16 17:26:12
38.55.145.239,compromised,emerging_threats,2026-05-16 17:26:12
43.134.49.190,compromised,emerging_threats,2026-05-16 17:26:12
43.135.124.152,compromised,emerging_threats,2026-05-16 17:26:12
44.250.46.59,compromised,emerging_threats,2026-05-16 17:26:12
45.139.122.80,compromised,emerging_threats,2026-05-16 17:26:12
45.142.193.135,compromised,emerging_threats,2026-05-16 17:26:12
45.148.10.183,compromised,emerging_threats,2026-05-16 17:26:12
45.15.225.137,compromised,emerging_threats,2026-05-16 17:26:12
45.15.226.44,compromised,emerging_threats,2026-05-16 17:26:12
45.153.34.205,compromised,emerging_threats,2026-05-16 17:26:12
45.156.24.224,compromised,emerging_threats,2026-05-16 17:26:12
45.39.12.34,compromised,emerging_threats,2026-05-16 17:26:12
45.55.91.50,compromised,emerging_threats,2026-05-16 17:26:12
45.82.13.133,compromised,emerging_threats,2026-05-16 17:26:12
46.101.94.59,compromised,emerging_threats,2026-05-16 17:26:12
46.62.207.157,compromised,emerging_threats,2026-05-16 17:26:12
46.8.231.219,compromised,emerging_threats,2026-05-16 17:26:12
49.173.65.19,compromised,emerging_threats,2026-05-16 17:26:12
50.2.184.82,compromised,emerging_threats,2026-05-16 17:26:12
50.6.228.52,compromised,emerging_threats,2026-05-16 17:26:12
50.6.231.130,compromised,emerging_threats,2026-05-16 17:26:12
50.7.136.106,compromised,emerging_threats,2026-05-16 17:26:12
51.15.51.204,compromised,emerging_threats,2026-05-16 17:26:12
51.15.55.248,compromised,emerging_threats,2026-05-16 17:26:12
51.158.155.6,compromised,emerging_threats,2026-05-16 17:26:12
5.129.238.185,compromised,emerging_threats,2026-05-16 17:26:12
5.144.129.17,compromised,emerging_threats,2026-05-16 17:26:12
52.53.177.79,compromised,emerging_threats,2026-05-16 17:26:12
5.253.59.171,compromised,emerging_threats,2026-05-16 17:26:12
5.255.122.180,compromised,emerging_threats,2026-05-16 17:26:12
54.193.42.43,compromised,emerging_threats,2026-05-16 17:26:12
58.209.82.167,compromised,emerging_threats,2026-05-16 17:26:12
58.226.230.112,compromised,emerging_threats,2026-05-16 17:26:12
59.22.201.143,compromised,emerging_threats,2026-05-16 17:26:12
62.210.237.9,compromised,emerging_threats,2026-05-16 17:26:12
64.23.184.75,compromised,emerging_threats,2026-05-16 17:26:12
64.89.163.162,compromised,emerging_threats,2026-05-16 17:26:12
68.183.8.104,compromised,emerging_threats,2026-05-16 17:26:12
77.22.211.47,compromised,emerging_threats,2026-05-16 17:26:12
82.26.104.60,compromised,emerging_threats,2026-05-16 17:26:12
82.66.91.30,compromised,emerging_threats,2026-05-16 17:26:12
83.145.42.126,compromised,emerging_threats,2026-05-16 17:26:12
83.168.89.181,compromised,emerging_threats,2026-05-16 17:26:12
85.11.167.8,compromised,emerging_threats,2026-05-16 17:26:12
85.239.56.61,compromised,emerging_threats,2026-05-16 17:26:12
86.48.25.218,compromised,emerging_threats,2026-05-16 17:26:12
87.106.149.146,compromised,emerging_threats,2026-05-16 17:26:12
87.121.84.136,compromised,emerging_threats,2026-05-16 17:26:12
87.121.84.98,compromised,emerging_threats,2026-05-16 17:26:12
87.249.165.241,compromised,emerging_threats,2026-05-16 17:26:12
88.149.145.190,compromised,emerging_threats,2026-05-16 17:26:12
91.210.169.154,compromised,emerging_threats,2026-05-16 17:26:12
94.132.24.206,compromised,emerging_threats,2026-05-16 17:26:12
94.159.98.224,compromised,emerging_threats,2026-05-16 17:26:12
94.183.177.120,compromised,emerging_threats,2026-05-16 17:26:12
94.26.106.206,compromised,emerging_threats,2026-05-16 17:26:12
95.182.98.181,compromised,emerging_threats,2026-05-16 17:26:12
